{
  "project_info": {
    "project_number": "1065500834323",
    "project_id": "pca2-e1eee",
    "storage_bucket": "pca2-e1eee.firebasestorage.app"
  },
  "client": [
    {
      "client_info": {
        "mobilesdk_app_id": "1:1065500834323:android:704115184a5dccc32a9de6",
        "android_client_info": {
          "package_name": "com.example.parentalcontrolparent"
        }
      },
      "oauth_client": [],
      "api_key": [
        {
          "current_key": "AIzaSyBk0SiYS7EOLOdCpTvUsoC-RXYFCb351_g"
        }
      ],
      "services": {
        "appinvite_service": {
          "other_platform_oauth_client": []
        }
      }
    }
  ],
  "configuration_version": "1"
}